name,currency,TER,ISIN,url
UBS (CH) Strategy Fund - Yield Sustainable (EUR) P,EUR,1.54,CH0000474533,https://iwww.swissfunddata.ch/sfdpub/en/funds/show/11471
UBS (CH) Strategy Fund - Balanced Sustainable (EUR) P,EUR,1.72,CH0000474541,https://iwww.swissfunddata.ch/sfdpub/en/funds/show/11472
UBS (CH) Equity Fund - Emerging Asia (USD) P,USD,2.36,CH0000966991,https://iwww.swissfunddata.ch/sfdpub/en/funds/show/11494
UBS (CH) Equity Fund - Small Caps Europe (EUR) P,EUR,1.95,CH0000967031,https://iwww.swissfunddata.ch/sfdpub/en/funds/show/11509
UBS (CH) Equity Fund - Mid Caps Switzerland (CHF) P,CHF,1.8,CH0001117248,https://iwww.swissfunddata.ch/sfdpub/en/funds/show/11505
UBS (CH) Equity Fund - US Sustainable (USD) P,USD,1.66,CH0002788401,https://iwww.swissfunddata.ch/sfdpub/en/funds/show/11515
UBS (CH) Equity Fund - Global Opportunity (USD) P,USD,2.05,CH0002788500,https://iwww.swissfunddata.ch/sfdpub/en/funds/show/11500
UBS (CH) Bond Fund - Global (CHF) P,CHF,1.16,CH0002788526,https://iwww.swissfunddata.ch/sfdpub/en/funds/show/11484
UBS (CH) Equity Fund - Asia (USD) P,USD,1.82,CH0002788708,https://iwww.swissfunddata.ch/sfdpub/en/funds/show/11490
UBS 100 Index-Fund Switzerland (CHF) P,CHF,0.27,CH0002788807,https://iwww.swissfunddata.ch/sfdpub/en/funds/show/11489
UBS (CH) Equity Fund - European Opportunity (EUR) P,EUR,2.04,CH0002791702,https://iwww.swissfunddata.ch/sfdpub/en/funds/show/11498
UBS (CH) Equity Fund - Switzerland Sustainable (CHF) P,CHF,0.96,CH0002791769,https://iwww.swissfunddata.ch/sfdpub/en/funds/show/11512
UBS (CH) Bond Fund - Bonds CHF Sustainable P,CHF,0.9,CH0002791843,https://iwww.swissfunddata.ch/sfdpub/en/funds/show/11481
UBS (CH) Strategy Fund - Yield Sustainable (CHF) P,CHF,1.5,CH0002792114,https://iwww.swissfunddata.ch/sfdpub/en/funds/show/11469
UBS (CH) Strategy Fund - Balanced Sustainable (CHF) P,CHF,1.68,CH0002792122,https://iwww.swissfunddata.ch/sfdpub/en/funds/show/11470
UBS (CH) Strategy Fund - Yield Sustainable (USD) P,USD,1.52,CH0002792171,https://iwww.swissfunddata.ch/sfdpub/en/funds/show/11473
UBS (CH) Strategy Fund - Balanced Sustainable (USD) P,USD,1.72,CH0002792189,https://iwww.swissfunddata.ch/sfdpub/en/funds/show/11474
UBS (CH) Equity Fund - Small Caps Switzerland (CHF) P,CHF,1.8,CH0004311335,https://iwww.swissfunddata.ch/sfdpub/en/funds/show/11511
UBS (CH) Equity Fund - Swiss Income (CHF) P,CHF,1.5,CH0017043958,https://iwww.swissfunddata.ch/sfdpub/en/funds/show/8024
UBS (CH) Vitainvest - World 25 Sustainable U,CHF,1.36,CH0022476466,https://iwww.swissfunddata.ch/sfdpub/en/funds/show/23167
UBS (CH) Vitainvest - World 50 Sustainable U,CHF,1.56,CH0022476508,https://iwww.swissfunddata.ch/sfdpub/en/funds/show/23169
UBS (CH) Vitainvest - Swiss 25 Sustainable U,CHF,1.33,CH0108526911,https://iwww.swissfunddata.ch/sfdpub/en/funds/show/667
UBS (CH) Vitainvest - Swiss 50 Sustainable U,CHF,1.48,CH0108526986,https://iwww.swissfunddata.ch/sfdpub/en/funds/show/668
UBS (CH) Suisse - 25 (CHF) P-dist,CHF,1.35,CH0109738986,https://iwww.swissfunddata.ch/sfdpub/en/funds/show/33771
UBS (CH) Suisse - 45 (CHF) P-dist,CHF,1.5,CH0109738994,https://iwww.swissfunddata.ch/sfdpub/en/funds/show/33772
UBS (CH) Suisse - 65 (CHF) P-dist,CHF,1.65,CH0109739000,https://iwww.swissfunddata.ch/sfdpub/en/funds/show/36566
UBS (CH) Equity Fund - Swiss High Dividend (CHF) P,CHF,1.5,CH0127276381,https://iwww.swissfunddata.ch/sfdpub/en/funds/show/37379
UBS (CH) Equity Fund - Emerging Asia (USD) (CHF hedged) P,CHF,2.41,CH0186920168,https://iwww.swissfunddata.ch/sfdpub/en/funds/show/11493
UBS (CH) Vitainvest - World 75 Sustainable U,CHF,1.67,CH0293174600,https://iwww.swissfunddata.ch/sfdpub/en/funds/show/57941
UBS (CH) Vitainvest - Swiss 75 Sustainable U,CHF,1.58,CH0293175037,https://iwww.swissfunddata.ch/sfdpub/en/funds/show/57942
UBS (CH) Investment Fund - Bonds CHF Ausland Passive W,CHF,0.18,CH0356496221,https://iwww.swissfunddata.ch/sfdpub/en/funds/show/75495
UBS (CH) Investment Fund - Bonds CHF Inland Medium Term Passive W,CHF,0.19,CH0356496544,https://iwww.swissfunddata.ch/sfdpub/en/funds/show/75608
UBS (CH) Investment Fund - Bonds CHF Inland Passive W,CHF,0.18,CH0356496650,https://iwww.swissfunddata.ch/sfdpub/en/funds/show/75496
UBS (CH) Investment Fund - Equities Europe Passive W,CHF,0.25,CH0356496742,https://iwww.swissfunddata.ch/sfdpub/en/funds/show/75497
UBS (CH) Investment Fund - Equities Global Passive W,CHF,0.25,CH0356507415,https://iwww.swissfunddata.ch/sfdpub/en/funds/show/75498
UBS (CH) Investment Fund - Equities Japan Passive W,CHF,0.26,CH0356548021,https://iwww.swissfunddata.ch/sfdpub/en/funds/show/75499
UBS (CH) Investment Fund - Equities USA Passive W,CHF,0.22,CH0356550415,https://iwww.swissfunddata.ch/sfdpub/en/funds/show/75502
UBS (CH) Investment Fund - Euro Bonds Passive W,EUR,0.22,CH0356561107,https://iwww.swissfunddata.ch/sfdpub/en/funds/show/95988
UBS (CH) Investment Fund - Euro Bonds Passive (CHF) W,CHF,0.22,CH0356561453,https://iwww.swissfunddata.ch/sfdpub/en/funds/show/75531
UBS (CH) Investment Fund - Global Government Bonds Climate Risk-Adjusted Passive (CHF hedged) W,CHF,0.17,CH0356561495,https://iwww.swissfunddata.ch/sfdpub/en/funds/show/75526
UBS (CH) Investment Fund - USD Bonds Passive W,USD,0.22,CH0356568938,https://iwww.swissfunddata.ch/sfdpub/en/funds/show/96040
UBS (CH) Investment Fund - USD Bonds Passive (CHF) W,CHF,0.22,CH0356569027,https://iwww.swissfunddata.ch/sfdpub/en/funds/show/75557
UBS (CH) Investment Fund - Equities Switzerland Passive All W,CHF,0.18,CH0356569118,https://iwww.swissfunddata.ch/sfdpub/en/funds/show/75500
UBS (CH) Investment Fund - Equities Switzerland Passive Large W,CHF,0.17,CH0356569407,https://iwww.swissfunddata.ch/sfdpub/en/funds/show/75501
UBS (CH) Investment Fund - Equities Switzerland Passive Leader W,CHF,0.18,CH0389550945,https://iwww.swissfunddata.ch/sfdpub/en/funds/show/86852
UBS (CH) Vitainvest - World 100 Sustainable U,CHF,1.62,CH0413292308,https://iwww.swissfunddata.ch/sfdpub/en/funds/show/102482
UBS (Lux) Money Market Fund - GBP Sustainable P-acc,GBP,0.09,LU0006277635,https://iwww.swissfunddata.ch/sfdpub/en/funds/show/12568
UBS (Lux) Money Market Fund - USD Sustainable P-acc,USD,0.15,LU0006277684,https://iwww.swissfunddata.ch/sfdpub/en/funds/show/12574
UBS (Lux) Money Market Fund - EUR Sustainable P-acc,EUR,0.07,LU0006344922,https://iwww.swissfunddata.ch/sfdpub/en/funds/show/12565
UBS (Lux) Equity Fund - European Opportunity Sustainable (EUR) P-acc,EUR,1.83,LU0006391097,https://iwww.swissfunddata.ch/sfdpub/en/funds/show/12750
UBS (Lux) Bond Fund - CHF Flexible P-dist,CHF,0.89,LU0010001286,https://iwww.swissfunddata.ch/sfdpub/en/funds/show/12592
UBS (Lux) Bond Fund - CHF Flexible P-acc,CHF,0.89,LU0010001369,https://iwww.swissfunddata.ch/sfdpub/en/funds/show/12593
UBS (Lux) Strategy Fund - Growth Sustainable (CHF) P-acc,CHF,1.91,LU0033034892,https://iwww.swissfunddata.ch/sfdpub/en/funds/show/12497
UBS (Lux) Strategy Fund - Yield Sustainable (CHF) P-dist,CHF,1.55,LU0033035352,https://iwww.swissfunddata.ch/sfdpub/en/funds/show/12493
UBS (Lux) Strategy Fund - Yield Sustainable (CHF) P-acc,CHF,1.55,LU0033035865,https://iwww.swissfunddata.ch/sfdpub/en/funds/show/12494
UBS (Lux) Strategy Fund - Growth Sustainable (EUR) P-acc,EUR,1.94,LU0033036590,https://iwww.swissfunddata.ch/sfdpub/en/funds/show/12512
UBS (Lux) Strategy Fund - Yield Sustainable (EUR) P-dist,EUR,1.53,LU0033040600,https://iwww.swissfunddata.ch/sfdpub/en/funds/show/12508
UBS (Lux) Strategy Fund - Yield Sustainable (EUR) P-acc,EUR,1.53,LU0033040782,https://iwww.swissfunddata.ch/sfdpub/en/funds/show/12509
UBS (Lux) Strategy Fund - Growth Sustainable (USD) P-acc,USD,1.94,LU0033040865,https://iwww.swissfunddata.ch/sfdpub/en/funds/show/12534
UBS (Lux) Strategy Fund - Yield Sustainable (USD) P-dist,USD,1.54,LU0033041590,https://iwww.swissfunddata.ch/sfdpub/en/funds/show/12528
UBS (Lux) Strategy Fund - Yield Sustainable (USD) P-acc,USD,1.54,LU0033043885,https://iwww.swissfunddata.ch/sfdpub/en/funds/show/12529
UBS (Lux) Bond Fund - EUR Flexible P-dist,EUR,0.98,LU0033049577,https://iwww.swissfunddata.ch/sfdpub/en/funds/show/12597
UBS (Lux) Bond Fund - EUR Flexible P-acc,EUR,0.98,LU0033050237,https://iwww.swissfunddata.ch/sfdpub/en/funds/show/12598
UBS (Lux) Money Market Fund - CHF Sustainable P-acc,CHF,0.07,LU0033502740,https://iwww.swissfunddata.ch/sfdpub/en/funds/show/11290
UBS (Lux) Bond Fund - AUD P-dist,AUD,0.88,LU0035338242,https://iwww.swissfunddata.ch/sfdpub/en/funds/show/12582
UBS (Lux) Bond Fund - AUD P-acc,AUD,0.88,LU0035338325,https://iwww.swissfunddata.ch/sfdpub/en/funds/show/12583
UBS (Lux) Equity Fund - Small Caps USA (USD) P-acc,USD,1.86,LU0038842364,https://iwww.swissfunddata.ch/sfdpub/en/funds/show/15230
UBS (Lux) Strategy Fund - Fixed Income Sustainable (CHF) P-dist,CHF,1.17,LU0039343149,https://iwww.swissfunddata.ch/sfdpub/en/funds/show/12490
UBS (Lux) Strategy Fund - Fixed Income Sustainable (CHF) P-acc,CHF,1.17,LU0039343222,https://iwww.swissfunddata.ch/sfdpub/en/funds/show/12491
UBS (Lux) Strategy Fund - Fixed Income Sustainable (EUR) P-dist,EUR,1.18,LU0039343651,https://iwww.swissfunddata.ch/sfdpub/en/funds/show/12502
UBS (Lux) Strategy Fund - Fixed Income Sustainable (EUR) P-acc,EUR,1.18,LU0039703029,https://iwww.swissfunddata.ch/sfdpub/en/funds/show/12503
UBS (Lux) Strategy Fund - Fixed Income Sustainable (USD) P-dist,USD,1.2,LU0039703375,https://iwww.swissfunddata.ch/sfdpub/en/funds/show/12523
UBS (Lux) Strategy Fund - Fixed Income Sustainable (USD) P-acc,USD,1.2,LU0039703532,https://iwww.swissfunddata.ch/sfdpub/en/funds/show/12524
UBS (Lux) Strategy SICAV - Fixed Income Sustainable (EUR) P-acc,EUR,1.14,LU0042744747,https://iwww.swissfunddata.ch/sfdpub/en/funds/show/12505
UBS (Lux) Strategy SICAV - Fixed Income Sustainable (USD) P-acc,USD,1.14,LU0042745397,https://iwww.swissfunddata.ch/sfdpub/en/funds/show/12526
UBS (Lux) Strategy Fund - Balanced Sustainable (CHF) P-dist,CHF,1.72,LU0049785107,https://iwww.swissfunddata.ch/sfdpub/en/funds/show/12498
UBS (Lux) Strategy Fund - Balanced Sustainable (CHF) P-acc,CHF,1.72,LU0049785289,https://iwww.swissfunddata.ch/sfdpub/en/funds/show/12499
UBS (Lux) Strategy Fund - Balanced Sustainable (EUR) P-dist,EUR,1.72,LU0049785362,https://iwww.swissfunddata.ch/sfdpub/en/funds/show/12519
UBS (Lux) Strategy Fund - Balanced Sustainable (EUR) P-acc,EUR,1.72,LU0049785446,https://iwww.swissfunddata.ch/sfdpub/en/funds/show/12520
UBS (Lux) Strategy Fund - Balanced Sustainable (USD) P-dist,USD,1.72,LU0049785529,https://iwww.swissfunddata.ch/sfdpub/en/funds/show/12531
UBS (Lux) Strategy Fund - Balanced Sustainable (USD) P-acc,USD,1.72,LU0049785792,https://iwww.swissfunddata.ch/sfdpub/en/funds/show/12532
UBS (Lux) Equity Fund - Mid Caps USA (USD) P-acc,USD,1.86,LU0049842262,https://iwww.swissfunddata.ch/sfdpub/en/funds/show/12790
UBS (Lux) Equity Fund - Mid Caps Europe Sustainable (EUR) P-acc,EUR,1.95,LU0049842692,https://iwww.swissfunddata.ch/sfdpub/en/funds/show/12783
UBS (Lux) Emerging Economies Fund - Global Short Term (USD) P-acc,USD,1.27,LU0055660707,https://iwww.swissfunddata.ch/sfdpub/en/funds/show/12551
UBS (Lux) Money Market Fund - AUD Sustainable P-acc,AUD,0.09,LU0066649970,https://iwww.swissfunddata.ch/sfdpub/en/funds/show/12555
UBS (Lux) Equity Fund - China Opportunity (USD) P-acc,USD,2.4,LU0067412154,https://iwww.swissfunddata.ch/sfdpub/en/funds/show/12773
UBS (Lux) Equity Fund - Biotech (USD) P-acc,USD,2.1,LU0069152568,https://iwww.swissfunddata.ch/sfdpub/en/funds/show/12733
UBS (Lux) Equity SICAV - US Opportunity (USD) P-acc,USD,1.82,LU0070848113,https://iwww.swissfunddata.ch/sfdpub/en/funds/show/23157
UBS (Lux) Bond SICAV - USD High Yield (USD) P-acc,USD,1.33,LU0070848972,https://iwww.swissfunddata.ch/sfdpub/en/funds/show/12671
UBS (Lux) Bond Fund - Global Flexible (CHF) P-dist,CHF,1.22,LU0071005408,https://iwww.swissfunddata.ch/sfdpub/en/funds/show/12643
UBS (Lux) Bond Fund - Global Flexible (CHF) P-acc,CHF,1.22,LU0071006638,https://iwww.swissfunddata.ch/sfdpub/en/funds/show/12644
UBS (Lux) Strategy Fund - Equity Sustainable (CHF) P-acc,CHF,2.02,LU0071007289,https://iwww.swissfunddata.ch/sfdpub/en/funds/show/12501
UBS (Lux) Equity Fund - Greater China (USD) P-acc,USD,2.39,LU0072913022,https://iwww.swissfunddata.ch/sfdpub/en/funds/show/12766
UBS (Lux) Strategy Fund - Equity Sustainable (EUR) P-acc,EUR,2.06,LU0073129206,https://iwww.swissfunddata.ch/sfdpub/en/funds/show/12515
UBS (Lux) Equity Fund - Global Sustainable (USD) P-acc,USD,1.8,LU0076532638,https://iwww.swissfunddata.ch/sfdpub/en/funds/show/15225
UBS (Lux) Equity Fund - Tech Opportunity (USD) P-acc,USD,2.09,LU0081259029,https://iwww.swissfunddata.ch/sfdpub/en/funds/show/12801
UBS (Lux) Emerging Economies Fund - Global Bonds (USD) P-acc,USD,1.66,LU0084219863,https://iwww.swissfunddata.ch/sfdpub/en/funds/show/12696
UBS (Lux) Equity Fund - Euro Countries Opportunity Sustainable (EUR) P-acc,EUR,1.85,LU0085870433,https://iwww.swissfunddata.ch/sfdpub/en/funds/show/12776
UBS (Lux) Equity Fund - Sustainable Health Transformation (USD) P-acc,USD,2.07,LU0085953304,https://iwww.swissfunddata.ch/sfdpub/en/funds/show/12768
UBS (Lux) Bond Fund - Euro High Yield (EUR) P-dist,EUR,1.33,LU0085995990,https://iwww.swissfunddata.ch/sfdpub/en/funds/show/12632
UBS (Lux) Bond Fund - Euro High Yield (EUR) P-acc,EUR,1.33,LU0086177085,https://iwww.swissfunddata.ch/sfdpub/en/funds/show/12633
UBS (Lux) Equity Fund - Japan (JPY) P-acc,JPY,1.56,LU0098994485,https://iwww.swissfunddata.ch/sfdpub/en/funds/show/12778
UBS (Lux) Equity Fund - US Sustainable (USD) P-acc,USD,1.71,LU0098995292,https://iwww.swissfunddata.ch/sfdpub/en/funds/show/12805
UBS (Lux) Equity Fund - Emerging Markets Sustainable Leaders (USD) P-acc,USD,2,LU0106959298,https://iwww.swissfunddata.ch/sfdpub/en/funds/show/13012
UBS (Lux) Bond Fund - Convert Europe (EUR) P-dist,EUR,1.87,LU0108060624,https://iwww.swissfunddata.ch/sfdpub/en/funds/show/12608
UBS (Lux) Bond Fund - Convert Europe (EUR) P-acc,EUR,1.87,LU0108066076,https://iwww.swissfunddata.ch/sfdpub/en/funds/show/12609
UBS (Lux) Strategy Fund - Balanced Sustainable (CHF) P-C-dist,CHF,1.72,LU0108564260,https://iwww.swissfunddata.ch/sfdpub/en/funds/show/12500
UBS (Lux) Strategy Fund - Balanced Sustainable (EUR) P-C-dist,EUR,1.72,LU0108564344,https://iwww.swissfunddata.ch/sfdpub/en/funds/show/12521
UBS (Lux) Strategy Fund - Balanced Sustainable (USD) P-C-dist,USD,1.73,LU0108564427,https://iwww.swissfunddata.ch/sfdpub/en/funds/show/12533
UBS (Lux) Money Market SICAV - EUR Sustainable P-acc,EUR,0.09,LU0142661270,https://iwww.swissfunddata.ch/sfdpub/en/funds/show/15901
UBS (Lux) Money Market SICAV - USD Sustainable P-acc,USD,0.17,LU0146075105,https://iwww.swissfunddata.ch/sfdpub/en/funds/show/15904
UBS (Lux) Bond SICAV - Short Term EUR Corporates Sustainable (EUR) P-acc,EUR,0.87,LU0151774626,https://iwww.swissfunddata.ch/sfdpub/en/funds/show/18438
UBS (Lux) Bond SICAV - Short Term USD Corporates Sustainable (USD) P-acc,USD,0.87,LU0151774972,https://iwww.swissfunddata.ch/sfdpub/en/funds/show/18427
UBS (Lux) Key Selection SICAV - European Equity Value Opportunity (EUR) P-acc,EUR,2.11,LU0153925689,https://iwww.swissfunddata.ch/sfdpub/en/funds/show/15333
UBS (Lux) Key Selection SICAV - Global Equities (USD) P-acc,USD,2.11,LU0161942395,https://iwww.swissfunddata.ch/sfdpub/en/funds/show/15338
UBS (Lux) Key Selection SICAV - Global Equities (USD) (EUR) P-acc,EUR,2.11,LU0161942635,https://iwww.swissfunddata.ch/sfdpub/en/funds/show/15336
UBS (Lux) Bond SICAV - EUR Corporates Sustainable (EUR) P-acc,EUR,1.2,LU0162626096,https://iwww.swissfunddata.ch/sfdpub/en/funds/show/14640
UBS (Lux) Bond SICAV - USD Corporates (USD) P-acc,USD,1.2,LU0172069584,https://iwww.swissfunddata.ch/sfdpub/en/funds/show/15312
UBS (Lux) Strategy Xtra SICAV - Yield (EUR) P-acc,EUR,2,LU0186859145,https://iwww.swissfunddata.ch/sfdpub/en/funds/show/8027
UBS (Lux) Strategy Xtra SICAV - Balanced (EUR) P-acc,EUR,2.2,LU0186859491,https://iwww.swissfunddata.ch/sfdpub/en/funds/show/8030
UBS (Lux) Strategy Xtra SICAV - Yield (CHF) P-acc,CHF,1.98,LU0186859905,https://iwww.swissfunddata.ch/sfdpub/en/funds/show/8092
UBS (Lux) Strategy Xtra SICAV - Balanced (CHF) P-acc,CHF,2.17,LU0186860077,https://iwww.swissfunddata.ch/sfdpub/en/funds/show/8022
UBS (Lux) Key Selection SICAV - Global Allocation (USD) P-acc,USD,2.29,LU0197216392,https://iwww.swissfunddata.ch/sfdpub/en/funds/show/28187
UBS (Lux) Key Selection SICAV - Global Allocation (EUR) P-acc,EUR,2.1,LU0197216558,https://iwww.swissfunddata.ch/sfdpub/en/funds/show/19643
UBS (Lux) Key Selection SICAV - Global Allocation (CHF) P-acc,CHF,2.3,LU0197216715,https://iwww.swissfunddata.ch/sfdpub/en/funds/show/19756
UBS (Lux) Equity SICAV - USA Growth (USD) P-acc,USD,2.11,LU0198837287,https://iwww.swissfunddata.ch/sfdpub/en/funds/show/19123
UBS (Lux) Equity SICAV - Small Caps Europe Sustainable (EUR) P-acc,EUR,2,LU0198839143,https://iwww.swissfunddata.ch/sfdpub/en/funds/show/19130
UBS (Lux) Strategy Xtra SICAV - Yield (USD) P-acc,USD,2,LU0200190857,https://iwww.swissfunddata.ch/sfdpub/en/funds/show/20566
UBS (Lux) Strategy Xtra SICAV - Balanced (USD) P-acc,USD,2.22,LU0200191152,https://iwww.swissfunddata.ch/sfdpub/en/funds/show/20564
UBS (Lux) Bond SICAV - Convert Global (EUR) P-acc,EUR,1.88,LU0203937692,https://iwww.swissfunddata.ch/sfdpub/en/funds/show/19744
UBS (Lux) Key Selection SICAV - Dynamic Alpha (USD) P-acc,USD,1.98,LU0218832805,https://iwww.swissfunddata.ch/sfdpub/en/funds/show/21831
UBS (Lux) SICAV 2 - EUR Corporates Active Climate Aware (EUR) P-acc,EUR,1.22,LU0224519792,https://iwww.swissfunddata.ch/sfdpub/en/funds/show/20702
UBS (Lux) SICAV 2 - CHF Bond Sustainable (CHF) P-acc,CHF,0.98,LU0224520295,https://iwww.swissfunddata.ch/sfdpub/en/funds/show/20701
UBS (Lux) SICAV 2 - USD Corporates Active Climate Aware (USD) P-acc,USD,1.22,LU0224520535,https://iwww.swissfunddata.ch/sfdpub/en/funds/show/20703
UBS (Lux) SICAV 2 - Low Duration EUR Bond Sustainable (EUR) P-acc,EUR,0.13,LU0224521939,https://iwww.swissfunddata.ch/sfdpub/en/funds/show/21907
UBS (Lux) SICAV 2 - Low Duration USD Bond Sustainable (USD) P-acc,USD,0.58,LU0224522077,https://iwww.swissfunddata.ch/sfdpub/en/funds/show/21819
UBS (Lux) Strategy Xtra SICAV - Yield (EUR) P-dist,EUR,2,LU0234735347,https://iwww.swissfunddata.ch/sfdpub/en/funds/show/8028
UBS (Lux) Strategy Xtra SICAV - Yield (CHF) P-dist,CHF,1.98,LU0234737475,https://iwww.swissfunddata.ch/sfdpub/en/funds/show/8093
UBS (Lux) Strategy Xtra SICAV - Yield (USD) P-dist,USD,2,LU0234737715,https://iwww.swissfunddata.ch/sfdpub/en/funds/show/87065
UBS (Lux) Strategy Xtra SICAV - Balanced (EUR) P-dist,EUR,2.2,LU0234744331,https://iwww.swissfunddata.ch/sfdpub/en/funds/show/8031
UBS (Lux) Strategy Xtra SICAV - Balanced (CHF) P-dist,CHF,2.17,LU0234744687,https://iwww.swissfunddata.ch/sfdpub/en/funds/show/8023
UBS (Lux) Strategy Xtra SICAV - Balanced (USD) P-dist,USD,2.22,LU0234745577,https://iwww.swissfunddata.ch/sfdpub/en/funds/show/20565
UBS (Lux) Key Selection SICAV - Asian Equities (USD) P-acc,USD,2.11,LU0235996351,https://iwww.swissfunddata.ch/sfdpub/en/funds/show/23162
UBS (Lux) Equity SICAV - US Opportunity (USD) (EUR hedged) P-acc,EUR,1.88,LU0236040357,https://iwww.swissfunddata.ch/sfdpub/en/funds/show/23159
UBS (Lux) Key Selection SICAV - Asian Equities (USD) (GBP) P-dist,GBP,2.11,LU0246169758,https://iwww.swissfunddata.ch/sfdpub/en/funds/show/23163
UBS (Lux) Bond SICAV - Convert Global (EUR) P-dist,EUR,1.87,LU0315165794,https://iwww.swissfunddata.ch/sfdpub/en/funds/show/19725
UBS (Lux) Equity SICAV - Global Emerging Markets Opportunity (USD) P-acc,USD,2,LU0328353924,https://iwww.swissfunddata.ch/sfdpub/en/funds/show/29530
UBS (Lux) SICAV 1 - All-Rounder (USD) P-acc,USD,1.51,LU0397594465,https://iwww.swissfunddata.ch/sfdpub/en/funds/show/30790
UBS (Lux) SICAV 1 - All-Rounder (USD) (CHF hedged) P-acc,CHF,1.56,LU0397599340,https://iwww.swissfunddata.ch/sfdpub/en/funds/show/30792
UBS (Lux) SICAV 1 - All-Rounder (USD) (EUR hedged) P-acc,EUR,1.56,LU0397605766,https://iwww.swissfunddata.ch/sfdpub/en/funds/show/30791
UBS (Lux) Equity SICAV - US Opportunity (USD) P-dist,USD,1.83,LU0399005999,https://iwww.swissfunddata.ch/sfdpub/en/funds/show/23155
UBS (Lux) Equity Fund - Global Sustainable (USD) (EUR) P-dist,EUR,1.8,LU0401296933,https://iwww.swissfunddata.ch/sfdpub/en/funds/show/15222
UBS (Lux) Equity Fund - Emerging Markets Sustainable Leaders (USD) (SGD) P-acc,SGD,1.99,LU0443062806,https://iwww.swissfunddata.ch/sfdpub/en/funds/show/13004
UBS (Lux) Bond SICAV - Global Inflation-linked (USD) P-acc,USD,0.98,LU0455550201,https://iwww.swissfunddata.ch/sfdpub/en/funds/show/32371
UBS (Lux) Bond SICAV - Global Inflation-linked (USD) (CHF hedged) P-acc,CHF,1.01,LU0455553486,https://iwww.swissfunddata.ch/sfdpub/en/funds/show/32373
UBS (Lux) Bond SICAV - Global Inflation-linked (USD) (EUR hedged) P-acc,EUR,1.03,LU0455556406,https://iwww.swissfunddata.ch/sfdpub/en/funds/show/32372
UBS (Lux) Bond Fund - Asia Flexible (USD) P-acc,USD,1.37,LU0464244333,https://iwww.swissfunddata.ch/sfdpub/en/funds/show/33040
UBS (Lux) Bond Fund - Asia Flexible (USD) (SGD hedged) P-acc,SGD,1.43,LU0464247518,https://iwww.swissfunddata.ch/sfdpub/en/funds/show/33048
UBS (Lux) Bond Fund - Global Flexible (EUR hedged) P-dist,EUR,1.27,LU0487186123,https://iwww.swissfunddata.ch/sfdpub/en/funds/show/12638
UBS (Lux) Bond Fund - Global Flexible (EUR hedged) P-acc,EUR,1.27,LU0487186396,https://iwww.swissfunddata.ch/sfdpub/en/funds/show/12637
UBS (Lux) Bond SICAV - Convert Global (EUR) (CHF hedged) P-acc,CHF,1.92,LU0499399144,https://iwww.swissfunddata.ch/sfdpub/en/funds/show/19728
UBS (Lux) Equity Fund - Greater China (USD) (SGD) P-acc,SGD,2.4,LU0501845795,https://iwww.swissfunddata.ch/sfdpub/en/funds/show/12760
UBS (Lux) Emerging Economies Fund - Global Bonds (USD) (CHF hedged) P-dist,CHF,1.7,LU0505553213,https://iwww.swissfunddata.ch/sfdpub/en/funds/show/12680
UBS (Lux) Emerging Economies Fund - Global Short Term (USD) (EUR hedged) P-dist,EUR,1.32,LU0509218086,https://iwww.swissfunddata.ch/sfdpub/en/funds/show/12538
UBS (Lux) Emerging Economies Fund - Global Short Term (USD) (EUR hedged) P-acc,EUR,1.31,LU0509218169,https://iwww.swissfunddata.ch/sfdpub/en/funds/show/12539
UBS (Lux) Emerging Economies Fund - Global Short Term (USD) (CHF hedged) P-dist,CHF,1.31,LU0509218326,https://iwww.swissfunddata.ch/sfdpub/en/funds/show/12537
UBS (Lux) Equity SICAV - USA Growth (USD) (EUR hedged) P-acc,EUR,2.16,LU0511785726,https://iwww.swissfunddata.ch/sfdpub/en/funds/show/19113
UBS (Lux) Equity SICAV - Swiss Opportunity (CHF) P-acc,CHF,1.57,LU0546265769,https://iwww.swissfunddata.ch/sfdpub/en/funds/show/35513
UBS (Lux) Equity SICAV - Swiss Opportunity (CHF) (EUR) P-acc,EUR,1.57,LU0546268359,https://iwww.swissfunddata.ch/sfdpub/en/funds/show/35514
UBS (Lux) Equity SICAV - European High Dividend Sustainable (EUR) P-acc,EUR,1.57,LU0566497433,https://iwww.swissfunddata.ch/sfdpub/en/funds/show/35747
UBS (Lux) Equity SICAV - European High Dividend Sustainable (EUR) P-dist,EUR,1.57,LU0566497516,https://iwww.swissfunddata.ch/sfdpub/en/funds/show/35748
UBS (Lux) Bond SICAV - USD High Yield (USD) (CHF hedged) P-acc,CHF,1.37,LU0566797311,https://iwww.swissfunddata.ch/sfdpub/en/funds/show/12654
UBS (Lux) Equity SICAV - European High Dividend Sustainable (EUR) (GBP) P-dist,GBP,1.57,LU0571744555,https://iwww.swissfunddata.ch/sfdpub/en/funds/show/35753
UBS (Lux) Equity SICAV - European High Dividend Sustainable (EUR) (USD) P-acc,USD,1.57,LU0571745446,https://iwww.swissfunddata.ch/sfdpub/en/funds/show/35751
UBS (Lux) Equity SICAV - European High Dividend Sustainable (EUR) (CHF) P-acc,CHF,1.57,LU0571745792,https://iwww.swissfunddata.ch/sfdpub/en/funds/show/35750
UBS (Lux) Bond SICAV - Short Duration High Yield Sustainable (USD) P-acc,USD,1.32,LU0577855355,https://iwww.swissfunddata.ch/sfdpub/en/funds/show/36454
UBS (Lux) Bond SICAV - Short Duration High Yield Sustainable (USD) (CHF hedged) P-acc,CHF,1.37,LU0577855785,https://iwww.swissfunddata.ch/sfdpub/en/funds/show/36456
UBS (Lux) Bond SICAV - Short Duration High Yield Sustainable (USD) (EUR hedged) P-acc,EUR,1.38,LU0577855942,https://iwww.swissfunddata.ch/sfdpub/en/funds/show/36455
UBS (Lux) Equity SICAV - USA Growth (USD) (CHF hedged) P-acc,CHF,2.16,LU0592661101,https://iwww.swissfunddata.ch/sfdpub/en/funds/show/19114
UBS (Lux) Equity SICAV - Global High Dividend Sustainable (USD) P-acc,USD,1.57,LU0611173427,https://iwww.swissfunddata.ch/sfdpub/en/funds/show/37106
UBS (Lux) Equity SICAV - Global High Dividend Sustainable (USD) (EUR hedged) P-acc,EUR,1.62,LU0611173930,https://iwww.swissfunddata.ch/sfdpub/en/funds/show/37107
UBS (Lux) Equity SICAV - Global High Dividend Sustainable (USD) (CHF hedged) P-dist,CHF,1.62,LU0626901861,https://iwww.swissfunddata.ch/sfdpub/en/funds/show/37108
UBS (Lux) Bond SICAV - Asian High Yield (USD) (EUR hedged) P-acc,EUR,1.52,LU0626907397,https://iwww.swissfunddata.ch/sfdpub/en/funds/show/570
UBS (Lux) Bond SICAV - Asian High Yield (USD) (CHF hedged) P-acc,CHF,1.52,LU0626907470,https://iwww.swissfunddata.ch/sfdpub/en/funds/show/569
UBS (Lux) Bond SICAV - Global Short Term Flexible (USD) P-dist,USD,0.89,LU0659904402,https://iwww.swissfunddata.ch/sfdpub/en/funds/show/1074
UBS (Lux) Bond SICAV - Global Short Term Flexible (USD) P-acc,USD,0.89,LU0659916679,https://iwww.swissfunddata.ch/sfdpub/en/funds/show/1075
UBS (Lux) Key Selection SICAV - Global Allocation (EUR) (GBP hedged) P-acc,GBP,2.15,LU0678606244,https://iwww.swissfunddata.ch/sfdpub/en/funds/show/19641
UBS (Lux) Bond SICAV - Global Short Term Flexible (USD) (EUR hedged) P-acc,EUR,0.94,LU0706127809,https://iwww.swissfunddata.ch/sfdpub/en/funds/show/1076
UBS (Lux) Equity SICAV - European Opportunity Unconstrained (EUR) P-acc,EUR,2.11,LU0723564463,https://iwww.swissfunddata.ch/sfdpub/en/funds/show/35639
UBS (Lux) Bond SICAV - Asian High Yield (USD) P-dist,USD,1.47,LU0725271786,https://iwww.swissfunddata.ch/sfdpub/en/funds/show/565
UBS (Lux) Bond SICAV - Global Short Term Flexible (USD) (CHF hedged) P-acc,CHF,0.93,LU0726085425,https://iwww.swissfunddata.ch/sfdpub/en/funds/show/1079
UBS (Lux) Equity SICAV - Asian Smaller Companies (USD) P-acc,USD,1.99,LU0746413003,https://iwww.swissfunddata.ch/sfdpub/en/funds/show/2556
UBS (Lux) Equity Fund - Emerging Markets Sustainable Leaders (USD) (CHF hedged) P-acc,CHF,2.05,LU0763732723,https://iwww.swissfunddata.ch/sfdpub/en/funds/show/13010
UBS (Lux) Equity Fund - Greater China (USD) (CHF hedged) P-acc,CHF,2.45,LU0763739066,https://iwww.swissfunddata.ch/sfdpub/en/funds/show/12762
UBS (Lux) Equity Fund - Greater China (USD) (EUR hedged) P-acc,EUR,2.45,LU0763739140,https://iwww.swissfunddata.ch/sfdpub/en/funds/show/12763
UBS (Lux) Equity SICAV - German High Dividend Sustainable (EUR) P-acc,EUR,1.87,LU0775052292,https://iwww.swissfunddata.ch/sfdpub/en/funds/show/2883
UBS (Lux) Equity SICAV - German High Dividend Sustainable (EUR) P-dist,EUR,1.87,LU0775052615,https://iwww.swissfunddata.ch/sfdpub/en/funds/show/2884
UBS (Lux) Equity SICAV - German High Dividend Sustainable (EUR) (CHF hedged) P-acc,CHF,1.92,LU0775053266,https://iwww.swissfunddata.ch/sfdpub/en/funds/show/2882
UBS (Lux) Bond SICAV - Emerging Economies Local Currency Bond (USD) P-acc,USD,1.56,LU0775387714,https://iwww.swissfunddata.ch/sfdpub/en/funds/show/2863
UBS (Lux) Bond SICAV - Emerging Economies Local Currency Bond (USD) P-dist,USD,1.57,LU0775387805,https://iwww.swissfunddata.ch/sfdpub/en/funds/show/2864
UBS (Lux) Bond Fund - Convert Europe (EUR) (CHF hedged) P-acc,CHF,1.92,LU0776290768,https://iwww.swissfunddata.ch/sfdpub/en/funds/show/12603
UBS (Lux) Bond Fund - Euro High Yield (EUR) (CHF hedged) P-acc,CHF,1.38,LU0776290842,https://iwww.swissfunddata.ch/sfdpub/en/funds/show/12614
UBS (Lux) Bond SICAV - EUR Corporates Sustainable (EUR) (CHF hedged) P-acc,CHF,1.26,LU0776291147,https://iwww.swissfunddata.ch/sfdpub/en/funds/show/14636
UBS (Lux) Bond SICAV - USD Corporates (USD) (CHF hedged) P-acc,CHF,1.26,LU0776291220,https://iwww.swissfunddata.ch/sfdpub/en/funds/show/15303
UBS (Lux) Emerging Economies Fund - Global Bonds (USD) (CHF hedged) P-acc,CHF,1.73,LU0776291576,https://iwww.swissfunddata.ch/sfdpub/en/funds/show/12687
UBS (Lux) Equity Fund - Mid Caps USA (USD) (CHF hedged) P-acc,CHF,1.91,LU0781589055,https://iwww.swissfunddata.ch/sfdpub/en/funds/show/12787
UBS (Lux) Equity SICAV - German High Dividend Sustainable (EUR) (CHF hedged) P-dist,CHF,1.92,LU0797316337,https://iwww.swissfunddata.ch/sfdpub/en/funds/show/2886
UBS (Lux) Equity Fund - Tech Opportunity (USD) (EUR hedged) P-acc,EUR,2.15,LU0804734787,https://iwww.swissfunddata.ch/sfdpub/en/funds/show/12799
UBS (Lux) Equity SICAV - European High Dividend Sustainable (EUR) (CHF hedged) P-dist,CHF,1.62,LU0826316233,https://iwww.swissfunddata.ch/sfdpub/en/funds/show/35755
UBS (Lux) Key Selection SICAV - Dynamic Alpha (USD) (CHF hedged) P-acc,CHF,2.04,LU0849400626,https://iwww.swissfunddata.ch/sfdpub/en/funds/show/21826
UBS (Lux) Equity Fund - Tech Opportunity (USD) (CHF hedged) P-acc,CHF,2.15,LU0855184452,https://iwww.swissfunddata.ch/sfdpub/en/funds/show/12800
UBS (Lux) Equity SICAV - US Total Yield Sustainable (USD) P-acc,USD,1.57,LU0868494617,https://iwww.swissfunddata.ch/sfdpub/en/funds/show/4505
UBS (Lux) Equity SICAV - US Total Yield Sustainable (USD) P-dist,USD,1.57,LU0868494708,https://iwww.swissfunddata.ch/sfdpub/en/funds/show/4506
UBS (Lux) Equity SICAV - US Total Yield Sustainable (USD) (CHF hedged) P-acc,CHF,1.62,LU0868494880,https://iwww.swissfunddata.ch/sfdpub/en/funds/show/4507
UBS (Lux) Equity SICAV - US Total Yield Sustainable (USD) (CHF hedged) P-dist,CHF,1.62,LU0868494963,https://iwww.swissfunddata.ch/sfdpub/en/funds/show/4508
UBS (Lux) Equity SICAV - US Total Yield Sustainable (USD) (EUR hedged) P-acc,EUR,1.62,LU0868495002,https://iwww.swissfunddata.ch/sfdpub/en/funds/show/4509
UBS (Lux) Equity SICAV - US Total Yield Sustainable (USD) (EUR hedged) P-dist,EUR,1.62,LU0868495184,https://iwww.swissfunddata.ch/sfdpub/en/funds/show/4510
UBS (Lux) Key Selection SICAV - Asia Allocation Opportunity (USD) P-dist,USD,2.03,LU0878005478,https://iwww.swissfunddata.ch/sfdpub/en/funds/show/4638
UBS (Lux) Key Selection SICAV - Asia Allocation Opportunity (USD) P-acc,USD,2.03,LU0878005551,https://iwww.swissfunddata.ch/sfdpub/en/funds/show/4637
UBS (Lux) Key Selection SICAV - Asia Allocation Opportunity (USD) (EUR hedged) P-dist,EUR,2.07,LU0878005809,https://iwww.swissfunddata.ch/sfdpub/en/funds/show/4640
UBS (Lux) Bond SICAV - Global Dynamic (USD) P-acc,USD,1.47,LU0891671751,https://iwww.swissfunddata.ch/sfdpub/en/funds/show/5437
UBS (Lux) Bond SICAV - Global Dynamic (USD) (EUR hedged) P-acc,EUR,1.52,LU0891672056,https://iwww.swissfunddata.ch/sfdpub/en/funds/show/5442
UBS (Lux) Bond SICAV - Global Dynamic (USD) (CHF hedged) P-acc,CHF,1.51,LU0891672213,https://iwww.swissfunddata.ch/sfdpub/en/funds/show/5440
UBS (Lux) Bond SICAV - Global Dynamic (USD) (CHF hedged) P-dist,CHF,1.52,LU0891672304,https://iwww.swissfunddata.ch/sfdpub/en/funds/show/5441
UBS (Lux) Bond SICAV - Emerging Economies Corporates (USD) P-acc,USD,1.87,LU0896022034,https://iwww.swissfunddata.ch/sfdpub/en/funds/show/4752
UBS (Lux) Bond SICAV - Emerging Economies Corporates (USD) (EUR hedged) P-acc,EUR,1.92,LU0896022620,https://iwww.swissfunddata.ch/sfdpub/en/funds/show/4750
UBS (Lux) Equity Fund - European Opportunity Sustainable (EUR) (USD hedged) P-acc,USD,1.88,LU0964806797,https://iwww.swissfunddata.ch/sfdpub/en/funds/show/12749
UBS (Lux) Key Selection SICAV - Asian Global Strategy Balanced (USD) P-acc,USD,2.13,LU0974636200,https://iwww.swissfunddata.ch/sfdpub/en/funds/show/6385
UBS (Lux) Key Selection SICAV - Asian Global Strategy Balanced (USD) P-dist,USD,2.14,LU0974636382,https://iwww.swissfunddata.ch/sfdpub/en/funds/show/6386
UBS (Lux) Equity SICAV - European Opportunity Unconstrained (EUR) (USD hedged) P-acc,USD,2.16,LU0975313742,https://iwww.swissfunddata.ch/sfdpub/en/funds/show/35643
UBS (Lux) Strategy SICAV - Income Sustainable (CHF) P-dist,CHF,1.38,LU0994669108,https://iwww.swissfunddata.ch/sfdpub/en/funds/show/6694
UBS (Lux) Strategy SICAV - Income Sustainable (EUR) P-dist,EUR,1.38,LU0994669793,https://iwww.swissfunddata.ch/sfdpub/en/funds/show/6698
UBS (Lux) Strategy SICAV - Income Sustainable (USD) P-dist,USD,1.37,LU0994670023,https://iwww.swissfunddata.ch/sfdpub/en/funds/show/6696
UBS (Lux) Strategy SICAV - Income Sustainable (CHF) P-acc,CHF,1.37,LU0994951381,https://iwww.swissfunddata.ch/sfdpub/en/funds/show/6693
UBS (Lux) Strategy SICAV - Income Sustainable (EUR) P-acc,EUR,1.38,LU0994951464,https://iwww.swissfunddata.ch/sfdpub/en/funds/show/6697
UBS (Lux) Strategy SICAV - Income Sustainable (USD) P-acc,USD,1.38,LU0994951548,https://iwww.swissfunddata.ch/sfdpub/en/funds/show/6695
UBS (Lux) Equity SICAV - Global Income Sustainable (USD) P-acc,USD,1.81,LU1013383713,https://iwww.swissfunddata.ch/sfdpub/en/funds/show/6915
UBS (Lux) Equity SICAV - Global Income Sustainable (USD) P-dist,USD,1.81,LU1013383804,https://iwww.swissfunddata.ch/sfdpub/en/funds/show/6916
UBS (Lux) Equity SICAV - Global Income Sustainable (USD) (EUR hedged) P-acc,EUR,1.86,LU1013383986,https://iwww.swissfunddata.ch/sfdpub/en/funds/show/6917
UBS (Lux) Equity SICAV - Global Income Sustainable (USD) (CHF hedged) P-acc,CHF,1.86,LU1013384109,https://iwww.swissfunddata.ch/sfdpub/en/funds/show/6919
UBS (Lux) Equity SICAV - Global Income Sustainable (USD) (CHF hedged) P-dist,CHF,1.86,LU1013384281,https://iwww.swissfunddata.ch/sfdpub/en/funds/show/6920
UBS (Lux) Equity SICAV - European Opportunity Unconstrained (EUR) (CHF hedged) P-acc,CHF,2.16,LU1031038273,https://iwww.swissfunddata.ch/sfdpub/en/funds/show/35651
UBS (Lux) Equity SICAV - European Opportunity Unconstrained (EUR) (SEK) P-acc,SEK,2.11,LU1036032347,https://iwww.swissfunddata.ch/sfdpub/en/funds/show/35652
UBS (Lux) Key Selection SICAV - European Growth and Income (EUR) P-acc,EUR,1.88,LU1038902331,https://iwww.swissfunddata.ch/sfdpub/en/funds/show/7129
UBS (Lux) Key Selection SICAV - European Growth and Income (EUR) (USD hedged) P-acc,USD,1.93,LU1038902505,https://iwww.swissfunddata.ch/sfdpub/en/funds/show/7133
UBS (Lux) Strategy SICAV - Xtra Yield (EUR) P-acc,EUR,1.96,LU1059709862,https://iwww.swissfunddata.ch/sfdpub/en/funds/show/40894
UBS (Lux) Strategy SICAV - Xtra Yield (EUR) P-dist,EUR,1.96,LU1060236970,https://iwww.swissfunddata.ch/sfdpub/en/funds/show/40895
UBS (Lux) Equity SICAV - Euro Countries Income Sustainable (EUR) P-acc,EUR,1.67,LU1121265208,https://iwww.swissfunddata.ch/sfdpub/en/funds/show/49658
UBS (Lux) Equity SICAV - Euro Countries Income Sustainable (EUR) P-dist,EUR,1.67,LU1121265380,https://iwww.swissfunddata.ch/sfdpub/en/funds/show/49659
UBS (Lux) Equity SICAV - Euro Countries Income Sustainable (EUR) (CHF hedged) P-acc,CHF,1.72,LU1121265463,https://iwww.swissfunddata.ch/sfdpub/en/funds/show/49656
UBS (Lux) Equity SICAV - Euro Countries Income Sustainable (EUR) (CHF hedged) P-dist,CHF,1.72,LU1121265547,https://iwww.swissfunddata.ch/sfdpub/en/funds/show/49657
UBS (Lux) Equity SICAV - US Income Sustainable (USD) P-acc,USD,1.67,LU1149724525,https://iwww.swissfunddata.ch/sfdpub/en/funds/show/50513
UBS (Lux) Equity SICAV - US Income Sustainable (USD) P-dist,USD,1.68,LU1149724798,https://iwww.swissfunddata.ch/sfdpub/en/funds/show/50514
UBS (Lux) Equity SICAV - US Income Sustainable (USD) (CHF hedged) P-acc,CHF,1.72,LU1149725092,https://iwww.swissfunddata.ch/sfdpub/en/funds/show/50509
UBS (Lux) Equity SICAV - US Income Sustainable (USD) (CHF hedged) P-dist,CHF,1.73,LU1149725175,https://iwww.swissfunddata.ch/sfdpub/en/funds/show/50510
UBS (Lux) Key Selection SICAV - Global Multi Income (USD) P-acc,USD,1.57,LU1224425600,https://iwww.swissfunddata.ch/sfdpub/en/funds/show/54351
UBS (Lux) Key Selection SICAV - China Allocation Opportunity (USD) P-acc,USD,1.89,LU1226287529,https://iwww.swissfunddata.ch/sfdpub/en/funds/show/55234
UBS (Lux) Equity Fund - China Opportunity (USD) (AUD hedged) P-acc,AUD,2.45,LU1227825731,https://iwww.swissfunddata.ch/sfdpub/en/funds/show/53455
UBS (Lux) Equity SICAV - Global Opportunity Unconstrained (USD) P-acc,USD,2.11,LU1278830929,https://iwww.swissfunddata.ch/sfdpub/en/funds/show/56897
UBS (Lux) Equity SICAV - Global Opportunity Unconstrained (USD) (EUR hedged) P-acc,EUR,2.13,LU1278831497,https://iwww.swissfunddata.ch/sfdpub/en/funds/show/56901
UBS (Lux) Equity SICAV - Long Term Themes (USD) P-acc,USD,1.88,LU1323610961,https://iwww.swissfunddata.ch/sfdpub/en/funds/show/62751
UBS (Lux) Equity SICAV - Long Term Themes (USD) (EUR hedged) P-acc,EUR,1.93,LU1323611001,https://iwww.swissfunddata.ch/sfdpub/en/funds/show/62749
UBS (Lux) Equity SICAV - Long Term Themes (USD) (CHF hedged) P-acc,CHF,1.92,LU1323611183,https://iwww.swissfunddata.ch/sfdpub/en/funds/show/62747
UBS (Lux) Key Selection SICAV - Asia Allocation Opportunity (USD) (CHF hedged) P-acc,CHF,2.08,LU1392922271,https://iwww.swissfunddata.ch/sfdpub/en/funds/show/65469
UBS (Lux) Money Market Fund - USD Sustainable (CAD hedged) P-acc,CAD,0.19,LU1397021822,https://iwww.swissfunddata.ch/sfdpub/en/funds/show/66787
UBS (Lux) Strategy Fund - Growth Sustainable (USD) (JPY hedged) P-acc,JPY,1.99,LU1410364837,https://iwww.swissfunddata.ch/sfdpub/en/funds/show/65803
UBS (Lux) Key Selection SICAV - Global Multi Income (USD) (EUR hedged) P-acc,EUR,1.62,LU1450629776,https://iwww.swissfunddata.ch/sfdpub/en/funds/show/94361
UBS (Lux) Key Selection SICAV - Global Multi Income (USD) (CHF hedged) P-acc,CHF,1.62,LU1450632309,https://iwww.swissfunddata.ch/sfdpub/en/funds/show/90047
UBS (Lux) Bond Fund - Global Flexible (CAD hedged) P-acc,CAD,1.27,LU1467572357,https://iwww.swissfunddata.ch/sfdpub/en/funds/show/69291
UBS (Lux) Bond Fund - Global Flexible (CAD hedged) P-dist,CAD,1.27,LU1467578123,https://iwww.swissfunddata.ch/sfdpub/en/funds/show/69294
UBS (Lux) Strategy SICAV - Systematic Allocation Portfolio Defensive (USD) P-acc,USD,1.61,LU1599185649,https://iwww.swissfunddata.ch/sfdpub/en/funds/show/79096
UBS (Lux) Strategy SICAV - Systematic Allocation Portfolio Defensive (USD) (CHF hedged) P-acc,CHF,1.66,LU1599186027,https://iwww.swissfunddata.ch/sfdpub/en/funds/show/79103
UBS (Lux) Strategy SICAV - Systematic Allocation Portfolio Defensive (USD) (EUR hedged) P-acc,EUR,1.66,LU1599186530,https://iwww.swissfunddata.ch/sfdpub/en/funds/show/79100
UBS (Lux) Strategy SICAV - Systematic Allocation Portfolio Medium (USD) P-acc,USD,1.76,LU1599186969,https://iwww.swissfunddata.ch/sfdpub/en/funds/show/79032
UBS (Lux) Strategy SICAV - Systematic Allocation Portfolio Medium (USD) (CHF hedged) P-acc,CHF,1.81,LU1599187264,https://iwww.swissfunddata.ch/sfdpub/en/funds/show/79034
UBS (Lux) Strategy SICAV - Systematic Allocation Portfolio Medium (USD) (EUR hedged) P-acc,EUR,1.81,LU1599187421,https://iwww.swissfunddata.ch/sfdpub/en/funds/show/79036
UBS (Lux) Strategy SICAV - Systematic Allocation Portfolio Dynamic (USD) P-acc,USD,1.9,LU1599187934,https://iwww.swissfunddata.ch/sfdpub/en/funds/show/79105
UBS (Lux) Strategy SICAV - Systematic Allocation Portfolio Dynamic (USD) (CHF hedged) P-acc,CHF,1.95,LU1599188239,https://iwww.swissfunddata.ch/sfdpub/en/funds/show/79111
UBS (Lux) Strategy SICAV - Systematic Allocation Portfolio Dynamic (USD) (EUR hedged) P-acc,EUR,1.95,LU1599188403,https://iwww.swissfunddata.ch/sfdpub/en/funds/show/79110
UBS (Lux) Equity SICAV - Global Emerging Markets Opportunity (USD) (EUR hedged) P-acc,EUR,2.04,LU1676115329,https://iwww.swissfunddata.ch/sfdpub/en/funds/show/87238
UBS (Lux) Bond SICAV - Floating Rate Income (USD) (CHF hedged) P-acc,CHF,1.41,LU1679114808,https://iwww.swissfunddata.ch/sfdpub/en/funds/show/88429
UBS (Lux) Equity SICAV - Global Impact (USD) P-acc,USD,1.58,LU1679116845,https://iwww.swissfunddata.ch/sfdpub/en/funds/show/85649
UBS (Lux) Equity SICAV - Global Impact (USD) (EUR hedged) P-acc,EUR,1.62,LU1679117579,https://iwww.swissfunddata.ch/sfdpub/en/funds/show/85651
UBS (Lux) Bond SICAV - China Fixed Income (RMB) P-acc,CNY,1.2,LU1717043324,https://iwww.swissfunddata.ch/sfdpub/en/funds/show/92635
UBS (Lux) Bond SICAV - China Fixed Income (RMB) (EUR) P-acc,EUR,1.25,LU1717043837,https://iwww.swissfunddata.ch/sfdpub/en/funds/show/92637
UBS (Lux) Equity SICAV - All China (USD) P-acc,USD,2.23,LU1807302812,https://iwww.swissfunddata.ch/sfdpub/en/funds/show/101291
UBS (Lux) Key Selection SICAV - Global Multi Income (USD) (CHF hedged) P-dist,CHF,1.62,LU1918890374,https://iwww.swissfunddata.ch/sfdpub/en/funds/show/105256
UBS (Lux) Key Selection SICAV - Global Multi Income (USD) (GBP hedged) P-acc,GBP,1.62,LU1918891000,https://iwww.swissfunddata.ch/sfdpub/en/funds/show/106423
UBS (Lux) Equity SICAV - Global Emerging Markets Opportunity (USD) (CHF hedged) P-acc,CHF,2.04,LU1953056766,https://iwww.swissfunddata.ch/sfdpub/en/funds/show/109200
UBS (Lux) Equity SICAV - Global Emerging Markets Opportunity (USD) (CHF hedged) P-dist,CHF,2.04,LU1953056840,https://iwww.swissfunddata.ch/sfdpub/en/funds/show/109201
UBS (Lux) Equity SICAV - All China (USD) (HKD) P-acc,HKD,2.24,LU1960683339,https://iwww.swissfunddata.ch/sfdpub/en/funds/show/108710
UBS (Lux) Bond SICAV - Global Short Term Flexible (USD) (AUD hedged) P-acc,AUD,0.93,LU1991167542,https://iwww.swissfunddata.ch/sfdpub/en/funds/show/110916
UBS (Lux) Bond Fund - Global Flexible (GBP hedged) P-acc,GBP,1.27,LU1991433365,https://iwww.swissfunddata.ch/sfdpub/en/funds/show/111597
UBS (Lux) Bond Fund - Global Flexible (GBP hedged) P-dist,GBP,1.27,LU1991433795,https://iwww.swissfunddata.ch/sfdpub/en/funds/show/111598
UBS (Lux) Equity SICAV - All China (USD) (SGD) P-acc,SGD,2.25,LU1993786604,https://iwww.swissfunddata.ch/sfdpub/en/funds/show/111330
UBS (Lux) Equity Fund - Global Sustainable (USD) (EUR hedged) P-acc,EUR,1.85,LU2000521885,https://iwww.swissfunddata.ch/sfdpub/en/funds/show/111609
UBS (Lux) Equity Fund - China Opportunity (USD) (EUR hedged) P-acc,EUR,2.44,LU2000522420,https://iwww.swissfunddata.ch/sfdpub/en/funds/show/111602
UBS (Lux) Key Selection SICAV - Digital Transformation Dynamic (USD) P-acc,USD,1.81,LU2041032165,https://iwww.swissfunddata.ch/sfdpub/en/funds/show/119926
UBS (Lux) Key Selection SICAV - Digital Transformation Dynamic (USD) (EUR hedged) P-acc,EUR,1.86,LU2041032678,https://iwww.swissfunddata.ch/sfdpub/en/funds/show/119922
UBS (Lux) Key Selection SICAV - Digital Transformation Dynamic (USD) (CHF hedged) P-acc,CHF,1.86,LU2041033056,https://iwww.swissfunddata.ch/sfdpub/en/funds/show/121133
UBS (Lux) Key Selection SICAV - Digital Transformation Themes (USD) P-acc,USD,1.79,LU2054465674,https://iwww.swissfunddata.ch/sfdpub/en/funds/show/126485
UBS (Lux) Key Selection SICAV - Digital Transformation Themes (USD) (EUR hedged) P-acc,EUR,1.83,LU2054466219,https://iwww.swissfunddata.ch/sfdpub/en/funds/show/122952
UBS (Lux) Key Selection SICAV - Digital Transformation Themes (USD) (CHF hedged) P-acc,CHF,1.83,LU2054466649,https://iwww.swissfunddata.ch/sfdpub/en/funds/show/122949
UBS (Lux) Bond Fund - Global Flexible (USD hedged) P-acc,USD,1.27,LU2064451730,https://iwww.swissfunddata.ch/sfdpub/en/funds/show/118124
UBS (Lux) Bond Fund - Global Flexible (USD hedged) P-dist,USD,1.27,LU2064452977,https://iwww.swissfunddata.ch/sfdpub/en/funds/show/118127
UBS (Lux) Bond SICAV - Emerging Economies Local Currency Bond (USD) (EUR hedged) P-acc,EUR,1.61,LU2064626802,https://iwww.swissfunddata.ch/sfdpub/en/funds/show/120527
UBS (Lux) Bond SICAV - Emerging Economies Local Currency Bond (USD) (EUR hedged) P-dist,EUR,1.62,LU2064626984,https://iwww.swissfunddata.ch/sfdpub/en/funds/show/120524
UBS (Lux) Equity SICAV - Global Opportunity Sustainable (USD) P-acc,USD,1.89,LU2108987350,https://iwww.swissfunddata.ch/sfdpub/en/funds/show/122790
UBS (Lux) Money Market SICAV - EUR Sustainable P-dist,EUR,0.09,LU2176608235,https://iwww.swissfunddata.ch/sfdpub/en/funds/show/128962
UBS (Lux) Bond SICAV - Global Short Term Flexible (USD) (EUR hedged) P-dist,EUR,0.92,LU2251373150,https://iwww.swissfunddata.ch/sfdpub/en/funds/show/131270
UBS (Lux) Equity SICAV - Future Leaders Small Caps (USD) P-acc,USD,1.76,LU2364601000,https://iwww.swissfunddata.ch/sfdpub/en/funds/show/145511
UBS (Lux) Equity SICAV - Future Leaders Small Caps (USD) (EUR hedged) P-acc,EUR,1.82,LU2364601265,https://iwww.swissfunddata.ch/sfdpub/en/funds/show/145509
UBS (Lux) Equity SICAV - Future Leaders Small Caps (USD) (CHF hedged) P-acc,CHF,1.82,LU2364601422,https://iwww.swissfunddata.ch/sfdpub/en/funds/show/145507
